{
  "urls": [
    "sounds.mp3",
    "sounds.wav"
  ],
  "sprite": {
    "_mac_fix": [
      0,
      2992.0861678004535
    ],
    "ambienceGeneral": [
      3100,
      132000
    ],
    "bid": [
      135200,
      343.4013605442203
    ],
    "btn_any": [
      136299.99999999997,
      175.03401360545467
    ],
    "btn_over": [
      137400,
      156.89342403626938
    ],
    "cash": [
      138500,
      699.9999999999886
    ],
    "cashout": [
      139600,
      732.2675736961344
    ],
    "cashout_big": [
      140700,
      1677.7324263038622
    ],
    "finish": [
      142799.99999999997,
      1843.1065759637306
    ],
    "flight": [
      144900,
      14000
    ],
    "jump": [
      159000,
      975.351473922899
    ],
    "pointing_button": [
      160100,
      156.89342403626938
    ],
    "run": [
      161200,
      2498.321995464863
    ],
    "start": [
      164300,
      1366.4399092970427
    ],
    "t_btn_any": [
      166400,
      889.4784580498936
    ],
    "t_win": [
      167500,
      12777.346938775509
    ],
    "t_win_END": [
      180600,
      4932.426303854868
    ],
    "take-take": [
      185700,
      8000
    ],
    "win2balance": [
      193799.99999999997,
      2125.011337868472
    ]
  }
}